1001,ASIN: B000QUA4PF,The Hunt for Red October,Special Collectornulls Edition,1990-03-02
1002,ASIN: B000WAS3IL,Star Wars I,Phantom Menace,1999-05-04
1003,ASIN: B000NOP4JH,Star Wars II,Attack of the Clones,2002-05-16
1004,ASIN: B000PMN4GT,Star Wars II,Attack of the Clones,2002-05-16
1005,ASIN: B000MEN4PI,Star Wars III,Revenge of the Sith,2005-05-19
1006,ASIN: B000QAR3OL,The Chronicles of Narnia,"The Lion, the Witch and the Wardrobe",2002-05-16
1007,ASIN: B000SCX3ML,RoboCop,,2003-07-24
1008,ASIN: B000NMI3IK,Pirates of the Caribbean,,2003-06-30
1009,ASIN: B000WSE2HJ,The Chronicles of Narnia,"The Lion, the Witch and the Wardrobe",2003-06-30
1010,ASIN: B000KJI3RE,MarioKart,Double Dash,2003-11-17
1011,ASIN: B000REE2VC,Splinter Cell,Chaos Theory,2003-04-08
1012,ASIN: B000TGB2JK,Need for Speed,Most Wanted,2004-11-15
1013,ASIN: B000MUR2DS,The DaVinci Code,,2006-05-19
1014,ASIN: B000MER2AS,Cars,,2006-04-28
1015,ASIN: B000MZQ2PI,Beau Geste,,1992-03-01
1016,ASIN: B000QYR2LK,I Remember Mama,,1998-01-05
1017,ASIN: B000MNV3BN,Tora! Tora! Tora!,The Attack on Pearl Harbor,1999-11-02
1018,ASIN: B00YUIP3PF,A Man for All Seasons,,1994-06-28
1019,ASIN: B000MOQ4DT,Hook,,1991-12-11
1020,ASIN: B000MNP3GR,Around the World in 80 Days,,1992-12-04
1021,ASIN: B000MNP2TT,Harry Potter and the Sorcerer's Stone,,2002-05-28
1022,ASIN: B000MNP2GT,Camelot,,1998-05-15
1023,ASIN: B000MNP2KI,Casino Royale,,2007-03-13
1024,ASIN: B000MNP2K8,Casino Royale,,2007-03-13
1025,ASIN: B00005JLBE,Die Another Day,,2003-06-03
1026,ASIN: B00008S2SF,Die Another Day,,2003-06-03
1027,ASIN: B00005JLBE,Die Another Day,2-Disc Ultimate Version,2003-06-03
1028,ASIN: B00000K0E5,Golden Eye,Special Edition,2003-06-03
1029,ASIN: B000M53GM2,Golden Eye,,2003-06-03
1030,ASIN: 6304916558,Tomorrow Never Dies,,1998-05-13
1031,ASIN: B00000K0EA,Tomorrow Never Dies,Special Edition,2000-05-16
1032,ASIN: B000NIBURQ,The World Is Not Enough,,2007-05-22
1033,ASIN: B00003CX95,Brave Heart,,2000-08-29
1034,ASIN: B00000K3CJ,Christmas Carol,,1999-10-05
1035,ASIN: B0000AQS5D,Scrooge,,1998-10-21
1036,ASIN: 6305127719,Clear and Present Danger,,1998-10-21
1037,ASIN: B00008K76V,Clear and Present Danger,Special Collector's Edition,2003-05-06
1038,ASIN: B00003CXI1,Harry Potter and the Sorcerer's Stone,Two-Disc Special Edition,2002-05-28
1039,ASIN: B000062TU1,Harry Potter and the Sorcerer's Stone,Full Screen Edition,2002-05-28
1040,ASIN: B00008DDXC,Harry Potter and the Chamber of Secrets,Two-Disc Special Edition,2002-05-28
1041,ASIN: B00008DDXC,Harry Potter and the Chamber of Secrets,,2002-05-28
1042,ASIN: B00005JMAH,Harry Potter and the Prisoner of Azkaban,Two-Disc Special Edition,2004-10-23
1043,ASIN: B0002TT0NW,Harry Potter and the Prisoner of Azkaban,,2004-10-23
1044,ASIN: B000E6EK2Y,Harry Potter and the Goblet of Fire,,2006-03-07
1045,ASIN: B000E6EK2Y,Harry Potter and the Goblet of Fire,Widescreen Edition,2006-03-07
1046,ASIN: B000E6EK38,Harry Potter and the Goblet of Fire,Two Disc Special Edition,2006-03-07
1047,ASIN: B000E6EZ3Z,Harry Potter and the Order of the Phoenix,Two Disc Special Edition,2007-12-11
1048,ASIN: B000E6E2FQ,Harry Potter and the Half Blood Prince,Two Disc Special Edition,2009-12-08
1049,ASIN: B000E54369,"Harry Potter and the Deathly Hallows, Part 1",Two Disc Special Edition,2011-10-15
1050,ASIN: B000E5Q2RS,"Harry Potter and the Deathly Hallows, Part 2",Two Disc Special Edition,2011-11-11
1051,ASIN: B000EHYKRS,I Remember Mama,,2011-11-11
1052,786936161878,Tron,20th Anniversary Collectors Edition,2019-09-12
1053,4101-10422,The Avengers,,2019-09-12
1054,5918-1040,Thor: The Dark World,,2019-09-12
